{"cameraMode":{"drawMode":0,"name":"Shaded","section":"Shading Mode"},"sceneLighting":false,"audioPlay":false,"sceneViewState":{"m_AlwaysRefresh":false,"showFog":true,"showSkybox":false,"showFlares":true,"showImageEffects":true,"showParticleSystems":true,"showVisualEffectGraphs":true,"m_FxEnabled":true},"in2DMode":false,"pivot":{"x":-107.99684143066406,"y":1.0236451625823975,"z":-0.18179869651794434},"rotation":{"x":-0.011790514923632145,"y":0.9758062958717346,"z":-0.21166914701461793,"w":-0.05481083691120148},"size":2.170318603515625,"orthographic":false}