{"cameraMode":{"drawMode":0,"name":"Shaded","section":"Shading Mode"},"sceneLighting":false,"audioPlay":false,"sceneViewState":{"m_AlwaysRefresh":false,"showFog":true,"showSkybox":false,"showFlares":true,"showImageEffects":true,"showParticleSystems":true,"showVisualEffectGraphs":true,"m_FxEnabled":true},"in2DMode":false,"pivot":{"x":-99.5638198852539,"y":1.0180695056915284,"z":-0.7671257257461548},"rotation":{"x":-0.011790514923632145,"y":0.9758062958717346,"z":-0.21166914701461793,"w":-0.05481083691120148},"size":2.6893365383148195,"orthographic":false}