{"cameraMode":{"drawMode":0,"name":"Shaded","section":"Shading Mode"},"sceneLighting":true,"audioPlay":false,"sceneViewState":{"m_AlwaysRefresh":false,"showFog":true,"showSkybox":true,"showFlares":true,"showImageEffects":true,"showParticleSystems":true,"showVisualEffectGraphs":true,"m_FxEnabled":true},"in2DMode":false,"pivot":{"x":3.561844825744629,"y":-2.6386654376983644,"z":19.36758041381836},"rotation":{"x":-0.31016257405281069,"y":-0.12218876928091049,"z":0.04023449495434761,"w":-0.9419387578964233},"size":13.806452751159668,"orthographic":false}