{"cameraMode":{"drawMode":0,"name":"Shaded","section":"Shading Mode"},"sceneLighting":true,"audioPlay":false,"sceneViewState":{"m_AlwaysRefresh":false,"showFog":true,"showSkybox":true,"showFlares":true,"showImageEffects":true,"showParticleSystems":true,"showVisualEffectGraphs":true,"m_FxEnabled":true},"in2DMode":false,"pivot":{"x":1.793233036994934,"y":14.13580322265625,"z":-1.2313823699951172},"rotation":{"x":-0.21139399707317353,"y":-0.003518590936437249,"z":-0.0007660707924515009,"w":0.9774063229560852},"size":7.7390851974487309,"orthographic":false}